<?xml version="1.0" encoding="UTF-8" standalone="yes"?>
<addon id="script.xbmc.hue.ambilight" name="XBMC Philips Hue" version="0.6.2" provider-name="Cees Elzinga">
  <requires>
    <import addon="xbmc.python" version="2.1.0"/>
    <import addon="script.module.requests"/>
  </requires>
  <extension point="xbmc.service" library="default.py"></extension>
  <extension point="xbmc.addon.metadata">
    <summary>XBMC controlled Philips Hue lights</summary>
    <description>Let XBMC control your Philips Hue lights. Either turns the lights into a room-sized ambilight, or automatically dims and un-dims them when playback starts.</description>
    <platform>all</platform>
  </extension>
</addon>
